mean,scale
1.3821202912421844,1.214599602666197
0.6124021484358566,0.8171025086611081
0.15059749758961619,0.0288463177820529
0.39546053701340617,0.2305209666535898
1.1254494216258393,0.9328895755476754
